url,published,source,title,strat,крупное_событие,комментарий,проверено_человеком
https://regnum.ru/news/3882010,2024-04-15 15:09:59,regnum,В Орске за сутки освободились от воды 1455 жилых домов,nlp,да,,
https://regnum.ru/news/3897604,2024-06-25 19:04:28,regnum,СК установил личности совершивших теракт в Дагестане,rest,нет,,
/news/2024/07/26/v-chelyabinskoy-oblasti-evakuirovali-163-cheloveka-iz-za-proryva-damby/,2024-07-26 23:52:00,lenta,В Челябинской области эвакуировали 163 человека из-за прорыва дамбы,kw,да,,
https://regnum.ru/news/3827495,2023-08-20 07:51:28,regnum,В Бурятии из-за разрушений железной дороги на БАМе и дамбы ввели режим ЧС,kw,да,,
https://regnum.ru/news/3820733,2023-07-20 03:52:00,regnum,Пожар в банном комплексе на юго-востоке Москвы ликвидировали,rest,нет,,
https://regnum.ru/news/3880738,2024-04-10 15:09:53,regnum,Оренбургский вице-губернатор рассказал о поддержке пострадавших от паводка,kw,да,,
/news/2024/03/14/dvoe-rossiyan-postradali-pri-atake-drona-kamikadze-v-belgorodskoy-oblasti/,2024-03-14 17:03:00,lenta,Двое россиян пострадали при атаке дрона-камикадзе в Белгородской области,rest,нет,,
/news/2024/07/05/v-moskve-zakryli-parki-i-verandy-v-ozhidanii-nepogody/,2024-07-05 12:29:00,lenta,В Москве закрыли парки и веранды в ожидании непогоды,nlp,нет,,
/news/2023/07/17/pereprava/,2023-07-17 10:16:00,lenta,Керченская паромная переправа возобновила работу после ЧП на Крымском мосту,nlp,нет,,
https://regnum.ru/news/3929223,2024-11-13 23:30:44,regnum,В Крыму госпитализирован один из пострадавших при обрушении моста,nlp,нет,,
https://regnum.ru/news/3768659,2023-01-09 01:41:01,regnum,В Бразилии арестовали 30 человек из числа протестовавших в столице страны,nlp,нет,,
https://regnum.ru/news/3771653,2023-01-17 22:47:36,regnum,Из ТЦ «Речной» в Москве эвакуировали 400 человек после сообщения о бомбе,nlp,нет,,
/news/2024/04/03/v-parlamente-peterburga-pereklichku-nachali-s-upominaniya-o-novom-inoagente/,2024-04-03 11:07:00,lenta,В парламенте Петербурга перекличку начали с упоминания о новом иноагенте,rest,нет,,
https://regnum.ru/news/3919818,2024-09-30 18:30:13,regnum,Крупные пожары вспыхнули в двух посёлках в Тамбовской области,nlp,да,спорно: пожары в посёлках — масштаб неясен,
https://regnum.ru/news/3831718,2023-09-08 14:02:53,regnum,"В Подмосковье задержали водителя, сбившего сотрудника ГИБДД",rest,нет,,
https://regnum.ru/news/3780937,2023-02-16 15:54:07,regnum,В Омской области отреагировали на оскорбления со стороны Барбары Брыльской,rest,нет,,
https://regnum.ru/news/3793483,2023-03-29 02:16:33,regnum,Городские службы Москвы отработали безаварийный пропуск паводка,kw,нет,,
/news/2024/07/26/chislo-pogibshih-pri-vzryve-i-pozhare-v-mnogoetazhke-v-ulyanovske-snova-vyroslo/,2024-07-26 20:24:00,lenta,Число погибших при взрыве и пожаре в многоэтажке в Ульяновске снова выросло,nlp,нет,,
https://regnum.ru/news/3769526,2023-01-11 13:23:05,regnum,Пятилетний ребенок стал жертвой пожара в жилом доме в Самаре,rest,нет,,
/news/2024/04/14/podtoplenie-domov-v-kurganskoy-oblasti-prodolzhitsya/,2024-04-14 07:17:00,lenta,Подтопление домов в Курганской области продолжится,kw,да,,
https://regnum.ru/news/3930479,2024-11-20 15:43:02,regnum,В Москве сотрудник ночного клуба избил девушку на танцполе,rest,нет,,
https://regnum.ru/news/3820534,2023-07-19 11:29:12,regnum,ДТП в Кировской области унесло жизни четырёх человек,rest,нет,,
/deyatelnost/press-centr/novosti/5202996,2024-02-03 00:00:00,mchs,45 лет на страже пожарной безопасности Смоленской АЭС,rest,нет,,
https://regnum.ru/news/3800601,2023-04-25 12:27:05,regnum,В Крыму предложили отменить решение о передаче полуострова в состав УССР,nlp,нет,,
https://regnum.ru/news/3879934,2024-04-07 15:45:45,regnum,Москвичка перевела аферистам почти ₽75 млн за «переактивацию счетов»,rest,нет,,
https://regnum.ru/news/3838430,2023-10-11 04:07:47,regnum,Администрация Подольска подтвердила смерть главы города Дмитрия Жарикова,rest,нет,,
/news/2022/12/09/spasli/,2022-12-09 18:54:00,lenta,Два человека спасены из-под завалов после взрыва газа в доме в Рязани,nlp,нет,,
https://regnum.ru/news/3772734,2023-01-21 18:41:00,regnum,Комитет Госдумы по финрынку готов править законы под Telegram-банкинг,rest,нет,,
https://regnum.ru/news/3780533,2023-02-15 11:58:14,regnum,Два Ту-95МС провели патрулирование над Чукотским и Охотским морями,nlp,нет,,
/news/2023/09/08/kr/,2023-09-08 07:33:00,lenta,Российский депутат пригласил Маска в Крым,rest,нет,,
https://regnum.ru/news/3791031,2023-03-20 16:00:43,regnum,Из-за паводка в Московской области ограничено движение транспорта,kw,да,спорно: подтопление ограничило движение — масштаб неясен,
https://regnum.ru/news/3781249,2023-02-17 17:25:59,regnum,В Екатеринбурге мигранты прорвали оцепление силовиков,nlp,нет,,
/news/2023/08/20/bplaaa/,2023-08-20 15:00:00,lenta,Минобороны сообщило о сбитых беспилотниках ВСУ над Белгородской областью,rest,нет,,
/news/2024/09/10/postradavshim-ot-ataki-drona-zhitelyam-podmoskovya-nazvali-vremya-zaseleniya-v-kvartiry/,2024-09-10 16:36:00,lenta,Пострадавшим от атаки дрона жителям Подмосковья назвали время заселения в квартиры,nlp,нет,,
https://regnum.ru/news/3803917,2023-05-07 17:36:11,regnum,В ДТП с двумя легковыми автомобилями в Адыгее погиб трёхмесячный ребёнок,rest,нет,,
/news/2023/03/07/krim/,2023-03-07 10:37:00,lenta,В Крыму отреагировали на план Киева «истощить» полуостров блокадой,nlp,нет,,
/news/2024/01/10/umer-byvshiy-vitse-gubernator-sankt-peterburga/,2024-01-10 12:49:00,lenta,Умер бывший вице-губернатор Санкт-Петербурга,rest,нет,,
https://regnum.ru/news/3863805,2024-01-31 11:20:27,regnum,СК возбудил дело после избиения подростка на парковке на западе Москвы,rest,нет,,
https://regnum.ru/news/3853184,2023-12-15 07:07:17,regnum,"Москву накрыл сильнейший снегопад, связанный с приближением циклона «Ваня»",nlp,нет,"спорно: сильный снегопад — погода, не ЧС",
/news/2023/03/04/spring/,2023-03-05 07:00:00,lenta,Синоптик назвал сроки весеннего потепления в Москве,nlp,нет,,
https://regnum.ru/news/3854130,2023-12-19 13:35:43,regnum,Между Москвой и Петербургом планируют запустить регулярные авиашаттлы,rest,нет,,
/news/2023/08/21/vorobbb/,2023-08-21 14:27:00,lenta,Воробьев сообщил Путину о сбитых в Подмосковье беспилотниках,rest,нет,,
/news/2023/08/21/otopl/,2023-08-21 17:57:00,lenta,Воробьев рассказал о подготовке к отопительному сезону в Подмосковье,nlp,нет,,
https://regnum.ru/news/3848864,2023-11-27 11:50:11,regnum,ФСБ задержала в Самаре пособницу украинских спецслужб,rest,нет,,
https://regnum.ru/news/3880560,2024-04-09 19:04:32,regnum,Глава Минстроя Файзуллин вылетел в зону паводка в Оренбургской области,kw,да,"спорно: визит министра, но в зону идущего паводка",
/news/2024/05/10/spasateli-zavershili-evakuatsiyu-lyudey-iz-upavshego-v-reku-avtobusa-v-peterburge/,2024-05-10 19:30:00,lenta,Спасатели завершили эвакуацию людей из упавшего в реку автобуса в Петербурге,kw,нет,,
/news/2024/04/06/vlasti-nazvali-sroki-uhoda-vody-iz-zatoplennogo-iz-za-proryva-damby-orska/,2024-04-06 09:13:00,lenta,Власти назвали сроки ухода воды из затопленного из-за прорыва дамбы Орска,kw,да,,
/news/2023/07/17/parki/,2023-07-17 16:44:00,lenta,В московском округе обустроят один из самых больших парков столицы,rest,нет,,
/news/2024/08/09/nazvano-kolichestvo-popavshih-v-zonu-evakuatsii-domovladeniy-v-lipetske/,2024-08-09 05:56:00,lenta,Названо количество попавших в зону эвакуации домовладений в Липецком округе,kw,да,,
/news/2024/10/29/ukrainskiy-bespilotnik-sbit-v-nebe-nad-krymom/,2024-10-29 14:19:00,lenta,Украинский беспилотник сбит в небе над Крымом,rest,нет,,
https://regnum.ru/news/3908700,2024-08-14 08:23:16,regnum,В Белгородской области ввели режим чрезвычайной ситуации,kw,да,,
/news/2024/04/06/mchs-uvelichilo-gruppirovku-sil-dlya-likvidatsii-poryva-damby-v-orske/,2024-04-06 04:03:00,lenta,МЧС увеличило группировку сил для ликвидации прорыва дамбы в Орске,kw,да,,
/deyatelnost/press-centr/novosti/5016910,2023-05-15 00:00:00,mchs,"Александр Куренков встретился с жителями посёлков Курганской области, пострадавших от пожаров",nlp,да,,
https://regnum.ru/news/3819606,2023-07-14 15:36:41,regnum,Детский лагерь в Волгоградской области эвакуировали из-за природного пожара,nlp,нет,спорно: эвакуация детского лагеря — мелко,
https://regnum.ru/news/3774993,2023-01-28 12:14:29,regnum,ВСУ обстреляли Кировский район Донецка снарядами натовского калибра,rest,нет,,
/news/2024/04/16/vlasti-orenburgskoy-oblasti-priznali-negotovnost-k-pavodku/,2024-04-16 20:56:00,lenta,Власти Оренбургской области признали неготовность к паводку,kw,да,"спорно: о готовности, но во время паводка",
/news/2024/07/21/v-dvuh-rayonah-buryatii-ob-yavili-rezhim-chs/,2024-07-21 18:46:00,lenta,В двух районах Бурятии объявили режим ЧС,kw,да,,
/news/2023/02/10/proverkk/,2023-02-10 14:52:00,lenta,Северная Осетия проверит данные о связи добровольцев с преступниками в Запорожье,rest,нет,,
/news/2023/06/09/sob/,2023-06-09 17:28:00,lenta,Собянина выдвинут кандидатом на пост мэра Москвы,rest,нет,,
https://regnum.ru/news/3904613,2024-07-26 21:17:20,regnum,На Киалимском водохранилище в Челябинской области прорвало дамбу,nlp,да,,
https://regnum.ru/news/3929269,2024-11-14 10:02:58,regnum,В СК назвали вероятную причину обрушения моста в Крыму,nlp,нет,,
/news/2024/04/17/v-tyumenskoy-oblasti-nachalas-evakuatsiya-iz-za-ugrozy-zatopleniya/,2024-04-17 07:55:00,lenta,В Тюменской области началась эвакуация из-за угрозы затопления,kw,да,,
/news/2022/12/01/meningit/,2022-12-01 02:43:00,lenta,В Подмосковье локализовали очаги менингита,nlp,нет,,
https://regnum.ru/news/3902994,2024-07-19 16:49:34,regnum,Певец Shaman анонсировал концерт-митинг у посольства США в Москве,rest,нет,,
https://regnum.ru/news/3884786,2024-04-26 16:13:04,regnum,"Файзуллин осмотрел территории Ишима, пострадавшие от паводков",kw,да,,
https://regnum.ru/news/3853310,2023-12-15 17:31:11,regnum,Путин отметил мужество железнодорожников во время атак на Крымский мост,rest,нет,,
https://regnum.ru/news/3820562,2023-07-19 12:32:15,regnum,В Казани задержали подозреваемого в попытке поджога бронетехники,rest,нет,,
/deyatelnost/press-centr/novosti/5283689,2024-05-23 00:00:00,mchs,Глава МЧС России Александр Куренков провел из Тюменской области заседание Правительственной комиссии по предупреждению и ликвидации последствий паводка,kw,да,"спорно: заседание комиссии, но по идущему паводку",
https://regnum.ru/news/3882038,2024-04-15 16:18:59,regnum,Путин пожелал Бабушкину успехов на выборах главы Астраханской области,rest,нет,,
/deyatelnost/press-centr/novosti/5369923,2024-09-28 00:00:00,mchs,"В Подмосковье прошел турнир по мини-футболу, посвященный памяти Магомеда Нальгиева",rest,нет,,
https://regnum.ru/news/3897697,2024-06-24 17:37:47,regnum,Площадь пожара на территории бывшего НИИ во Фрязино превысила 2 тыс. кв. м,nlp,нет,,
/news/2023/07/17/most_2/,2023-07-17 04:49:00,lenta,Стало известно о погибших в результате ЧП на Крымском мосту,nlp,нет,,
https://regnum.ru/news/3772130,2023-01-19 12:56:12,regnum,В массовом ДТП под Петербургом погибли и пострадали граждане Китая,nlp,нет,,
/news/2024/04/02/gubernator-zayavil-o-vyvoze-pochti-vosmi-tysyach-detey-iz-belgorodskoy-oblasti/,2024-04-02 08:20:00,lenta,Губернатор заявил об эвакуации почти восьми тысяч детей из Белгородской области,kw,да,спорно: эвакуация детей из-за обстрелов — массовая,
/news/2023/09/13/min_bel/,2023-09-13 22:50:00,lenta,Минобороны сообщило о сбитом дроне ВСУ в Белгородской области,rest,нет,,
https://regnum.ru/news/3906838,2024-08-05 18:30:54,regnum,Ефимов: в Москве по реновации расселили свыше 730 домов,nlp,нет,,
/news/2023/08/09/postradali/,2023-08-09 12:27:00,lenta,Стало известно о пострадавших при взрыве в жилом доме в Махачкале,nlp,нет,,
/news/2023/05/08/omskpozhar/,2023-05-08 14:42:00,lenta,В Омской области введен режим ЧС из-за пожаров,kw,да,,
/news/2024/04/06/nazvano-kolichestvo-podtoplennyh-v-orske-domov/,2024-04-06 05:45:00,lenta,Названо количество подтопленных в Орске домов,kw,да,,
/news/2024/04/07/v-orenburgskoy-oblasti-posle-proryva-damby-nachalas-vaktsinatsiya-protiv-gepatita-a/,2024-04-07 12:52:00,lenta,В Оренбургской области после прорыва дамбы началась вакцинация против гепатита А,kw,да,,
https://regnum.ru/news/3857805,2024-01-05 19:33:25,regnum,В Ивановской области столкнулись пять транспортных средств,rest,нет,,
/news/2024/09/05/moskvichey-prizvali-ne-boyatsya-zamorozkov/,2024-09-05 18:41:00,lenta,Москвичей призвали не бояться заморозков,rest,нет,,
/news/2023/03/03/kypp/,2023-03-03 09:38:00,lenta,В Петербурге полуторагодовалый ребенок обварился кипятком,rest,нет,,
https://regnum.ru/news/3870955,2024-03-01 16:36:42,regnum,В Совфеде призвали ФРГ расследовать разговор об атаках на Крымский мост,rest,нет,,
https://regnum.ru/news/3807219,2023-05-20 12:45:44,regnum,В Белгородскую область попыталась прорваться группа диверсантов,nlp,нет,,
/news/2024/04/06/chislo-evakuirovannyh-v-pvr-zhiteley-orska-vozroslo/,2024-04-06 06:14:00,lenta,Число эвакуированных в ПВР жителей Орска возросло,nlp,да,,
https://regnum.ru/news/3881107,2024-04-11 17:28:50,regnum,Глава Минстроя Файзуллин прибудет в Курган для оценки ситуации с паводком,kw,да,,
/news/2024/05/22/sberezheniy/,2024-05-22 18:59:00,lenta,Жителям Ленинградской области предложили программу долгосрочных сбережений,rest,нет,,
https://regnum.ru/news/3880557,2024-04-09 19:02:19,regnum,Паводковые воды подошли к трассе М-5 «Урал» в Оренбургской области,kw,да,,
https://regnum.ru/news/3888980,2024-05-15 13:20:27,regnum,Пострадавшим от паводка Оренбургской и Курганской областям выделили ₽9 млрд,kw,да,,
https://regnum.ru/news/3837951,2023-10-08 15:05:57,regnum,Двое подростков на электросамокате попали под автобус в Подольске,rest,нет,,
/news/2024/06/26/okolo-70-chelovek-postradali-pri-shode-passazhirskogo-poezda-s-putey-v-komi/,2024-06-26 20:02:00,lenta,70 человек пострадали при крушении пассажирского поезда в районе Коми,nlp,нет,"спорно: крушение поезда — крупная авария, но не территория",
/deyatelnost/press-centr/novosti/5035366,2023-06-08 00:00:00,mchs,В Красноярске прошли учения по ликвидации последствий землетрясения,kw,нет,,
https://regnum.ru/news/3808582,2023-05-26 02:28:36,regnum,На Ставрополье реализуют более 20 крупных проектов водоснабжения,nlp,нет,,
https://regnum.ru/news/3792033,2023-03-23 18:55:46,regnum,Хельсинки заверил Москву в отсутствии ограничений на российские грузы,rest,нет,,
https://regnum.ru/news/3815550,2023-06-25 17:26:46,regnum,В Подмосковье открыли движение по мосту через Оку на трассе М-4 «Дон»,rest,нет,,
https://regnum.ru/news/3897526,2024-06-23 23:58:51,regnum,После боестолкновения в Махачкале в больницы доставлены 16 человек,nlp,нет,,
https://regnum.ru/news/3908954,2024-08-15 11:14:39,regnum,Куренков назвал обстановку в Белгородской области сложной и напряжённой,rest,нет,спорно: «обстановка сложная» — без конкретики,
https://regnum.ru/news/3756285,2022-12-01 22:01:59,regnum,В США задержанных на Аляске жителей Чукотки держат в изоляторе,nlp,нет,,
/news/2024/04/06/tri-poselka-v-orske-okazalis-pod-ugrozoy-podtopleniya/,2024-04-06 16:50:00,lenta,Три поселка в Орске оказались под угрозой подтопления,kw,да,,
/news/2024/01/29/dom/,2024-01-29 21:39:00,lenta,Более 100 жителей эвакуировали из дома в Подмосковье из-за трещины на фасаде,nlp,нет,спорно: эвакуация одного дома,
https://regnum.ru/news/3859768,2024-01-15 08:46:30,regnum,Горняк пропал после прорыва грунтовых вод в шахте в Воркуте,nlp,нет,,
https://regnum.ru/news/3932632,2024-11-30 19:36:47,regnum,Клуб на Складочной улице в Москве закрылся после проверки правоохранителей,rest,нет,,
https://regnum.ru/news/3874259,2024-03-15 15:34:01,regnum,В Белгородской области сотрудник магазина погиб при обстреле,rest,нет,,
https://regnum.ru/news/3880173,2024-04-08 15:08:41,regnum,В Тюменской области ввели режим ЧС из-за паводков,kw,да,,
/news/2024/04/06/vlasti-rasskazali-o-situatsii-s-produktami-v-podtoplennom-orske/,2024-04-06 13:12:00,lenta,Власти рассказали о ситуации с продуктами в подтопленном Орске,kw,да,,
https://regnum.ru/news/3846711,2023-11-17 02:37:22,regnum,В Астраханской области ввели региональный режим ЧС после обрушения дома,kw,да,"спорно: режим ЧС, но из-за обрушения одного дома",
https://regnum.ru/news/3816107,2023-06-28 05:00:05,regnum,"В Приморском крае зафиксировано землетрясение магнитудой 6,0",kw,нет,"спорно: землетрясение 6,0 без сообщений о разрушениях",
https://regnum.ru/news/3819078,2023-07-12 08:26:11,regnum,Число госпитализированных после отравления в Орске детей выросло до девяти,nlp,нет,,
/news/2022/12/23/gladcov_oruzhiye/,2022-12-23 17:42:00,lenta,В Белгородской области допустили обучение женщин обращению с оружием,rest,нет,,
/news/2023/07/17/aksenov_most/,2023-07-17 05:50:00,lenta,Аксенов призвал воздержаться от поездок через Крымский мост после ЧП,nlp,нет,,
/deyatelnost/press-centr/novosti/5097160,2023-09-05 00:00:00,mchs,Паводковая ситуация в Приморском крае стабилизируется,kw,да,,
/news/2024/03/26/moskovskiy/,2024-03-26 13:44:00,lenta,Московский фельдшер рассказал о спасении пострадавших в теракте в «Крокусе»,nlp,нет,,
https://regnum.ru/news/3915713,2024-09-13 13:32:20,regnum,Офицер из Якутии 10 часов сдерживал наступление ВСУ и стал Героем России,rest,нет,,
https://regnum.ru/news/3899948,2024-07-05 11:05:34,regnum,Мэр пережившего масштабное наводнение Орска покинет свой пост,kw,нет,спорно: отставка мэра после наводнения — о политике,
/news/2024/10/28/v-sankt-peterburge-peredumali-stroit-doma-biznes-klassa/,2024-10-28 16:49:00,lenta,В Санкт-Петербурге передумали строить дома бизнес-класса,rest,нет,,
https://regnum.ru/news/3880108,2024-04-08 12:41:55,regnum,В МЧС сообщили о смещении волны паводка по реке Урал в сторону Оренбурга,kw,да,,
https://regnum.ru/news/3871774,2024-03-05 11:42:53,regnum,Два подозрительных предмета обнаружили в Самарской области,rest,нет,,
/news/2024/05/10/pravitelstvo-napravit-4-mlrd-rubley-zhitelyam-kurganskoy-oblasti-posle-pavodka/,2024-05-10 11:13:00,lenta,Правительство направит миллиарды рублей жителям Курганской области после паводка,kw,да,,
/deyatelnost/press-centr/novosti/5252097,2024-04-10 00:00:00,mchs,Александр Куренков продолжает работу в регионах с наиболее сложной паводковой обстановкой. Сегодня он вместе с губернатором Тюменской области Александром Моором оценил складывающуюся ситуацию в регионе,kw,да,,
/news/2024/04/15/zhitelnitsa-orska-pokazala-svoy-dom-posle-navodneniya/,2024-04-15 18:01:00,lenta,Жительница Орска показала свой дом после наводнения,kw,да,,
https://regnum.ru/news/3812760,2023-06-13 04:24:41,regnum,Режим ЧС введён в Иркутской области в месте столкновения танкеров на Лене,kw,да,спорно: режим ЧС после аварии танкеров — локально,
https://regnum.ru/news/3830010,2023-08-31 13:56:48,regnum,В Приморском крае число подтопленных за сутки домов увеличилось в семь раз,kw,да,,
https://regnum.ru/news/3910411,2024-08-21 19:02:59,regnum,Глава ОНК Дагестана: участник СВО умер в ОВД Махачкалы из-за асфиксии,rest,нет,,
https://regnum.ru/news/3848393,2023-11-24 20:09:00,regnum,В Калуге прошла церемония закрытия акции «Вахта памяти — 2023»,rest,нет,,
https://regnum.ru/news/3883113,2024-04-20 09:11:00,regnum,Уровень воды в реке Тобол у Кургана установился на уровне 1013 см,nlp,да,,
https://regnum.ru/news/3778102,2023-02-07 16:34:39,regnum,Эксперт РАН не исключил в Крыму землетрясения подобного турецкому,kw,нет,,
/news/2023/06/23/shklhkss/,2023-06-23 16:33:00,lenta,Сергей Сокол призвал к комплексному решению проблем сельских школ Хакасии,nlp,нет,,
https://regnum.ru/news/3919581,2024-09-29 19:10:57,regnum,МЧС направило вертолёт на тушение ландшафтных пожаров в Рязанской области,nlp,нет,спорно: тушение ландшафтных пожаров — масштаб неясен,
/news/2023/07/02/ivllevss/,2023-07-02 11:17:00,lenta,В Госдуме призвали увеличить число пунктов досмотра на Крымском мосту,rest,нет,,
https://regnum.ru/news/3879841,2024-04-07 08:06:09,regnum,В Оренбургской области заявили о круглосуточном режиме эвакуации в Орске,kw,да,,
https://regnum.ru/news/3907589,2024-08-09 07:02:59,regnum,В Липецком районе в зону эвакуации попали более 400 домов на фоне режима ЧС,kw,да,,
https://regnum.ru/news/3820529,2023-07-19 08:20:41,regnum,Эвакуация жителей сёл из-за пожара на полигоне в Крыму проводится на сутки,kw,да,спорно: эвакуация сёл из-за пожара на полигоне,
https://regnum.ru/news/3774031,2023-01-25 16:18:40,regnum,"Украинский генерал заявил, что с западными танками ВСУ смогут идти на Крым",rest,нет,,
/news/2024/04/14/uroven-vody-na-reke-v-stolitse-rossiyskogo-regiona-prevysil-opasnuyu-otmetku/,2024-04-14 18:56:00,lenta,Уровень воды на реке в столице российского региона превысил опасную отметку,nlp,да,,
/news/2024/08/15/v-belgorodskoy-oblasti-vveli-rezhim-chs-federalnogo-haraktera/,2024-08-15 10:35:00,lenta,В Белгородской области ввели режим ЧС федерального характера,kw,да,,
/news/2024/01/24/pod-moskvoy-pyatero-detey-i-vzroslyy-otravilis-ugarnym-gazom/,2024-01-24 10:03:00,lenta,Под Москвой пятеро детей и взрослый отравились угарным газом,rest,нет,,
https://regnum.ru/news/3757614,2022-12-05 11:30:56,regnum,В Чувашии построят ещё три школы — заключены контракты с застройщиками,rest,нет,,
https://regnum.ru/news/3933934,2024-12-08 04:14:10,regnum,В ночных клубах Москвы прошли обыски,rest,нет,,
https://regnum.ru/news/3881937,2024-04-15 09:52:53,regnum,Уровень воды в реке Тобол около Кургана поднялся до 646 см,nlp,да,,
/news/2024/04/09/dobrovoltsy/,2024-04-09 15:12:00,lenta,Студенты-спасатели пришли на помощь пострадавшим при наводнении в Орске,kw,да,,
https://regnum.ru/news/3835752,2023-09-27 22:16:49,regnum,В Нижегородской области завершился финал игры «Зарница: Легенды будущего»,rest,нет,,
https://regnum.ru/news/3859419,2024-01-13 14:15:51,regnum,Работник горящего склада в Петербурге рассказал о давке при эвакуации,kw,нет,,
/news/2022/12/19/systemss/,2022-12-19 11:27:00,lenta,В Белгородской области заявили о неэффективности системы оповещения об обстрелах,rest,нет,,
/news/2024/04/17/tourism/,2024-04-17 20:15:00,lenta,Власти Подмосковья рассказали о проекте сельского туризма,rest,нет,,
/news/2023/05/23/gladkov_voprosy/,2023-05-23 23:29:00,lenta,Белгородский губернатор после атаки ДРГ заявил о вопросах к Минобороны,rest,нет,,
/news/2023/10/30/interference/,2023-10-30 13:00:00,lenta,В Кремле назвали причину беспорядков в аэропорту Махачкалы,rest,нет,,
/news/2024/08/14/pod-peterburgom-vzorvalsya-avtomobil-s-gazovym-ballonom/,2024-08-14 13:37:00,lenta,Под Петербургом взорвался автомобиль с газовым баллоном,rest,нет,,
https://regnum.ru/news/3914023,2024-09-06 09:07:49,regnum,Крупный пожар на складе в Тульской области потушили,nlp,нет,,
/news/2023/08/10/pozhar/,2023-08-10 23:50:00,lenta,Крупный пожар вспыхнул в Подмосковье,rest,нет,,
https://regnum.ru/news/3817274,2023-07-03 18:39:58,regnum,Матвиенко высказалась о планах украинского наступления на Крым,rest,нет,,
https://regnum.ru/news/3900277,2024-07-07 02:55:05,regnum,На ликвидации пожара на газораспределителе в Крыму работают 90 специалистов,nlp,нет,,
https://regnum.ru/news/3902047,2024-07-15 01:47:46,regnum,В Ярославской области ввели режим ЧС из-за инцидента с цистерной с аммиаком,kw,да,спорно: режим ЧС из-за цистерны с аммиаком — локально,
/news/2024/04/11/glava-minstroya-raskritikoval-stavshuyu-prichinoy-navodneniya-v-orske-dambu/,2024-04-11 11:08:00,lenta,Глава Минстроя раскритиковал ставшую причиной наводнения в Орске дамбу,kw,да,,
/news/2023/03/12/stolb/,2023-03-12 17:58:00,lenta,"В Новой Москве подростки обманом арендовали авто, устроили ДТП и попали на видео",rest,нет,,
/news/2023/08/12/belgorod/,2023-08-12 23:38:00,lenta,Жители Белгородской области сообщили о звуках взрывов и автоматных очередях,nlp,нет,,
https://regnum.ru/news/3921411,2024-10-07 23:21:22,regnum,Сотрудники Бакальчука покинули один из основных офисов Wildberries в Москве,rest,нет,,
/news/2024/06/23/mer-moskvy-vyrazil-soboleznovaniya-semyam-postradavshih-pri-atake-vsu-na-sevastopol/,2024-06-23 18:34:00,lenta,Мэр Москвы выразил соболезнования семьям пострадавших при атаке ВСУ на Севастополь,nlp,нет,,
https://regnum.ru/news/3762962,2022-12-20 14:33:34,regnum,Власти Москвы просят горожан не устраивать шумных гуляний на Новый год,nlp,нет,,
/news/2024/12/11/chislo-postradavshih-pri-stolknovenii-avtobusa-i-gruzovika-pod-novosibirskom-vyroslo/,2024-12-11 20:10:00,lenta,Число пострадавших при столкновении автобуса и грузовика под Новосибирском выросло,rest,нет,,
/news/2024/04/05/dlya-evakuatsii-posle-proryva-damby-v-orske-podgotovili-shest-pvr/,2024-04-05 20:44:00,lenta,Для эвакуации после прорыва дамбы в Орске подготовили шесть ПВР,kw,да,,
https://regnum.ru/news/3898287,2024-06-27 08:41:05,regnum,В Коми прибыл поезд-дублёр для пересадки пассажиров после ЧП с вагонами,nlp,нет,,
/news/2024/10/18/pod-moskvoy-devochka-kvadrober-s-lezviyami-vmesto-kogtey-istsarapala-sverstnitsu/,2024-10-18 13:29:00,lenta,Под Москвой девочка-квадробер с лезвиями вместо когтей исцарапала сверстницу,rest,нет,,
https://regnum.ru/news/3796211,2023-04-07 14:26:28,regnum,В небе над Усть-Кутом в Иркутской области заметили падение метеорита,nlp,нет,,
https://regnum.ru/news/3936236,2024-12-18 18:19:43,regnum,Уголовное дело возбудили по факту столкновения поездов под Мурманском,rest,нет,,
https://regnum.ru/news/3905381,2024-07-30 14:25:58,regnum,В Карелии обнаружили тело одного из пропавших без вести после прорыва дамбы,kw,да,,
https://regnum.ru/news/3881032,2024-04-11 13:55:02,regnum,"В Курганской области эвакуировали более 6,2 тыс. человек из-за паводков",kw,да,,
https://regnum.ru/news/3831970,2023-09-09 17:06:46,regnum,Путин поздравил Смоленск с 80-летием освобождения от нацистской оккупации,rest,нет,,
/deyatelnost/press-centr/novosti/5025238,2023-05-26 00:00:00,mchs,В Якутии стабилизируется паводковая обстановка,kw,да,,
https://regnum.ru/news/3916626,2024-09-17 15:18:56,regnum,В Бурятии мать выбросила родившегося ребёнка в выгребную яму,nlp,нет,,
/news/2023/02/25/crimea_russia/,2023-02-25 11:39:00,lenta,В России высказались о планах Зеленского по захвату Крыма,rest,нет,,
/news/2024/04/07/troih-detey-i-shesteryh-vzroslyh-gospitalizirovali-iz-za-pavodka-v-orske/,2024-04-07 15:24:00,lenta,Троих детей и шестерых взрослых госпитализировали из-за паводка в Орске,kw,да,,
/news/2024/04/06/glava-orenburga-predrek-urovnyu-vody-v-urale-dostizhenie-kriticheskoy-otmetki/,2024-04-06 21:01:00,lenta,Глава Оренбурга предрек уровню воды в Урале достижение критической отметки,nlp,да,,
https://regnum.ru/news/3883779,2024-04-22 23:52:22,regnum,Население Абатского района Тюменской области призвали к срочной эвакуации,kw,да,,
/news/2023/09/15/ekb_cshool/,2023-09-15 14:52:00,lenta,Массовое увольнение учителей из школы в Екатеринбурге объяснили,kw,нет,,
https://regnum.ru/news/3886738,2024-05-05 20:41:50,regnum,Режим ЧС ввели в городе Дегтярске под Екатеринбургом после снегопада,kw,да,спорно: режим ЧС из-за снегопада в одном городе,
/news/2024/08/14/v-belgorodskoy-oblasti-ob-yavili-rezhim-chs-regionalnogo-urovnya/,2024-08-14 06:24:00,lenta,В Белгородской области объявили режим ЧС регионального уровня,kw,да,,
/news/2024/04/16/posledstviya-skandala-s-kvartiroy-syna-mera-zatoplennogo-orska-v-dubae-otsenili/,2024-04-16 17:29:00,lenta,Последствия скандала с квартирой сына мэра затопленного Орска в Дубае оценили,nlp,нет,,
https://regnum.ru/news/3923312,2024-10-17 09:00:49,regnum,В Калмыкии ввели режим ЧС из-за засухи,kw,да,спорно: режим ЧС из-за засухи — влияет на аграриев,
https://regnum.ru/news/3767407,2023-01-04 03:08:37,regnum,В отеле Москвы нашли мумифицированный труп молодой женщины,rest,нет,,
https://regnum.ru/news/3937354,2024-12-23 17:57:06,regnum,В Крыму продолжат искать спрятанное украинскими олигархами имущество,rest,нет,,
https://regnum.ru/news/3764806,2023-02-20 15:53:25,regnum,Санкт-Петербург и Тува заключат новое соглашение о сотрудничестве,rest,нет,,
https://regnum.ru/news/3918201,2024-09-25 12:26:02,regnum,Собянин рассказал о созданном в Москве методе диагностики инсульта у детей,rest,нет,,
/news/2024/05/20/mchs-uvelichilo-gruppirovku-sil-na-pozhare-v-rayonnoy-uprave-v-moskve/,2024-05-20 01:47:00,lenta,МЧС увеличило группировку сил на пожаре в районной управе в Москве,nlp,нет,,
/news/2023/04/26/krim_ukraine/,2023-04-26 13:04:00,lenta,В России ответили на слова Украины о праве уничтожить все в Крыму и Донбассе,rest,нет,,
https://regnum.ru/news/3848886,2023-11-27 14:02:09,regnum,Пьяный мужчина пытался отрезать грудь 17-летним студенткам под Челябинском,rest,нет,,
/deyatelnost/press-centr/novosti/5254975,2024-04-14 00:00:00,mchs,Глава МЧС России Александр Куренков и губернатор Омской области Виталий Хоценко обсудили паводковую ситуацию в регионе,kw,да,,
https://regnum.ru/news/3863539,2024-01-30 10:32:36,regnum,Пять человек погибли в массовом ДТП в Оренбургской области,nlp,нет,,
https://regnum.ru/news/3765055,2022-12-27 09:48:59,regnum,В СК назвали причину аварии на ТЭЦ города-курорта в Алтайском крае,nlp,да,спорно: авария на ТЭЦ: отключение тепла в городе,
https://regnum.ru/news/3880528,2024-04-09 17:38:55,regnum,Московский зоопарк показал видео побега панды Катюши из вольера,nlp,нет,,
https://regnum.ru/news/3881286,2024-04-12 18:54:19,regnum,В Оренбурге из-за подъёма уровня воды в реке Урал начали массовую эвакуацию,kw,да,,
/news/2024/02/21/children/,2024-02-21 09:24:00,lenta,В Москве cтартовал набор во Всероссийский центр для одаренных незрячих детей,rest,нет,,
https://regnum.ru/news/3915681,2024-09-13 11:05:22,regnum,"Москвич покончил с собой, решив, что убил супругу, но она выжила",rest,нет,,
https://regnum.ru/news/3866901,2024-02-13 06:57:43,regnum,В Курганской области при пожаре погибла многодетная семья,nlp,нет,,
/news/2024/04/19/glava-stavropolya-privel-novye-podrobnosti-ob-ekipazhe-ruhnuvshego-tu-22m3/,2024-04-19 09:58:00,lenta,Глава Ставрополья привел новые подробности об экипаже упавшего Ту-22М3,nlp,нет,,
https://regnum.ru/news/3792239,2023-03-24 14:23:12,regnum,"Группа «Би-2», помогающая Украине, выступит в Москве",rest,нет,,
/news/2024/07/04/vozvrascheniya-zhary-v-moskve/,2024-07-04 03:05:00,lenta,Названы сроки окончания и возвращения жары в Москве,nlp,нет,,
/news/2024/04/07/raskryt-vozmozhnyy-uscherb-zhilyu-ot-navodneniya-v-orenburgskoy-oblasti/,2024-04-07 13:17:00,lenta,Раскрыт возможный многомиллиардный ущерб от наводнения в Оренбургской области,kw,да,,
https://regnum.ru/news/3789947,2023-03-16 21:15:49,regnum,Данные о вооруженном проникновении в Орловскую область не подтвердились,rest,нет,,
/news/2024/09/08/prizov/,2024-09-08 13:42:00,lenta,Москвичи направили на благотворительность баллы «Миллиона призов»,rest,нет,,
